,count,mean,std,min,25%,50%,75%,max,%missing,card
case_positive_specimen_interval,20947.0,0.14823125029837209,2.2569872196036034,-107.0,0.0,0.0,0.0,73.0,47.6325,72
case_onset_interval,17318.0,-0.03926550409978057,1.7514511007831792,-58.0,0.0,0.0,0.0,70.0,56.705000000000005,59
